,PhraseId,SentenceId,Phrase,Sentiment
101,102,3,would have a hard time sitting through this one,0
103,104,3,have a hard time sitting through this one,0
157,158,5,Aggressive self-glorification and a manipulative whitewash,0
159,160,5,self-glorification and a manipulative whitewash,0
201,202,7,Trouble Every Day is a plodding mess .,0
208,209,7,is a plodding mess,0
210,211,7,plodding mess,0
261,262,10,could hate it for the same reason,0
264,265,10,hate it,0
265,266,10,hate,0
311,312,12,"is Oedekerk 's realization of his childhood dream to be in a martial-arts flick , and proves that sometimes the dreams of youth should remain just that",0
430,431,16,baseball movies that try too hard to be mythic,0
848,849,32,"Hampered -- no , paralyzed -- by a self-indulgent script ... that aims for poetry and ends up sounding like satire .",0
861,862,32,a self-indulgent script,0
919,920,34,"There 's very little sense to what 's going on here ,",0
1001,1002,36,avoid,0
1003,1004,37,almost feels as if the movie is more interested in entertaining itself than in amusing us .,0
1023,1024,38,The movie 's progression into rambling incoherence gives new meaning to the phrase ` fatal script error . ',0
1024,1025,38,The movie 's progression into rambling incoherence,0
1032,1033,38,gives new meaning to the phrase ` fatal script error . ',0
1044,1045,38,` fatal script error,0
1046,1047,38,fatal script error,0
1099,1100,41,"Tartakovsky 's team has some freakish powers of visual charm , but the five writers slip into the modern rut of narrative banality .",0
1131,1132,41,of narrative banality,0
1158,1159,42,bad,0
1282,1283,48,"'m sure the filmmaker would disagree , but , honestly , I do n't see the point",0
1295,1296,48,"honestly , I do n't see the point",0
1372,1373,51,clunky TV-movie approach,0
1445,1446,53,"Thanks largely to Williams , all the interesting developments are processed in 60 minutes -- the rest is just an overexposed waste of film .",0
1468,1469,53,the rest is just an overexposed waste of film,0
1471,1472,53,is just an overexposed waste of film,0
1473,1474,53,an overexposed waste of film,0
1474,1475,53,an overexposed waste,0
1479,1480,54,"Comes across as a relic from a bygone era , and its convolutions ... feel silly rather than plausible .",0
1484,1485,54,"as a relic from a bygone era , and its convolutions ... feel silly rather than plausible",0
1530,1531,57,Run for your lives !,0
1531,1532,57,Run for your lives,0
1653,1654,61,makes your teeth hurt,0
1687,1688,63,Its generic villains lack any intrigue -LRB- other than their funny accents -RRB- and the action scenes are poorly delivered,0
1688,1689,63,Its generic villains lack any intrigue -LRB- other than their funny accents -RRB- and,0
1754,1755,66,Downright transparent is the script 's endless assault of embarrassingly ham-fisted sex jokes that reek of a script rewrite designed to garner the film a `` cooler '' PG-13 rating .,0
1758,1759,66,is the script 's endless assault of embarrassingly ham-fisted sex jokes that reek of a script rewrite designed to garner the film a `` cooler '' PG-13 rating .,0
1759,1760,66,is the script 's endless assault of embarrassingly ham-fisted sex jokes that reek of a script rewrite designed to garner the film a `` cooler '' PG-13 rating,0
1760,1761,66,is the script 's endless assault of embarrassingly ham-fisted sex jokes,0
1765,1766,66,endless assault,0
1769,1770,66,embarrassingly ham-fisted sex jokes,0
1812,1813,67,impossible,0
2043,2044,78,goes overboard with a loony melodramatic denouement in which a high school swimming pool substitutes for a bathtub .,0
2256,2257,86,"directed , barely ,",0
2370,2371,91,'s lazy for a movie to avoid solving one problem by trying to distract us with the solution to another,0
2372,2373,91,lazy for a movie,0
2421,2422,93,"of its music or comic antics , but through the perverse pleasure of watching Disney scrape the bottom of its own cracker barrel",0
2439,2440,93,Disney scrape the bottom of its own cracker barrel,0
2472,2473,95,Scarcely worth a mention apart from reporting on the number of tumbleweeds blowing through the empty theatres graced with its company .,0
2473,2474,95,Scarcely worth a mention apart from reporting on the number of tumbleweeds blowing through the empty theatres,0
2474,2475,95,Scarcely worth a mention,0
2475,2476,95,Scarcely worth,0
2479,2480,95,apart from reporting on the number of tumbleweeds blowing through the empty theatres,0
2483,2484,95,on the number of tumbleweeds blowing through the empty theatres,0
2487,2488,95,of tumbleweeds blowing through the empty theatres,0
2488,2489,95,tumbleweeds blowing through the empty theatres,0
2519,2520,97,"`` Analyze That '' is one of those crass , contrived sequels that not only fails on its own , but makes you second-guess your affection for the original .",0
2520,2521,97,"Analyze That '' is one of those crass , contrived sequels that not only fails on its own , but makes you second-guess your affection for the original .",0
2523,2524,97,"'' is one of those crass , contrived sequels that not only fails on its own , but makes you second-guess your affection for the original .",0
2524,2525,97,"is one of those crass , contrived sequels that not only fails on its own , but makes you second-guess your affection for the original .",0
2527,2528,97,"of those crass , contrived sequels that not only fails on its own , but makes you second-guess your affection for the original",0
2528,2529,97,"those crass , contrived sequels that not only fails on its own , but makes you second-guess your affection for the original",0
2529,2530,97,"those crass , contrived sequels",0
2530,2531,97,"crass , contrived sequels",0
2535,2536,97,"that not only fails on its own , but makes you second-guess your affection for the original",0
2538,2539,97,"fails on its own , but makes you second-guess your affection for the original",0
2542,2543,97,fails,0
2585,2586,99,'s not a particularly good film,0
2616,2617,101,"is -RRB- the comedy equivalent of Saddam Hussein , and I 'm just about ready to go to the U.N. and ask permission for a preemptive strike .",0
2617,2618,101,"is -RRB- the comedy equivalent of Saddam Hussein , and I 'm just about ready to go to the U.N. and ask permission for a preemptive strike",0
2805,2806,108,is so consistently unimaginative that probably the only way to have saved the film is with the aid of those wisecracking Mystery Science Theater 3000 guys .,0
2806,2807,108,is so consistently unimaginative that probably the only way to have saved the film is with the aid of those wisecracking Mystery Science Theater 3000 guys,0
2865,2866,110,A mawkish self-parody that plays like some weird Masterpiece Theater sketch with neither a point of view nor a compelling reason for being,0
2895,2896,111,"Takes one character we do n't like and another we do n't believe , and puts them into a battle of wills that is impossible to care about and is n't very funny",0
2901,2902,111,do n't like,0
2902,2903,111,"another we do n't believe , and puts them into a battle of wills that is impossible to care about and is n't very funny",0
2921,2922,111,is impossible to care about and is n't very funny,0
2948,2949,112,then knock yourself out and enjoy the big screen postcard that is a self-glorified Martin Lawrence lovefest .,0
2971,2972,113,The whole film has this sneaky feel to it -- as if the director is trying to dupe the viewer into taking it all as Very Important simply because the movie is ugly to look at and not a Hollywood product .,0
2977,2978,113,this sneaky feel to it -- as if the director is trying to dupe the viewer into taking it all as Very Important simply because the movie is ugly to look at and not a Hollywood product,0
2981,2982,113,to it -- as if the director is trying to dupe the viewer into taking it all as Very Important simply because the movie is ugly to look at and not a Hollywood product,0
2983,2984,113,-- as if the director is trying to dupe the viewer into taking it all as Very Important simply because the movie is ugly to look at and not a Hollywood product,0
2984,2985,113,as if the director is trying to dupe the viewer into taking it all as Very Important simply because the movie is ugly to look at and not a Hollywood product,0
2986,2987,113,the director is trying to dupe the viewer into taking it all as Very Important simply because the movie is ugly to look at and not a Hollywood product,0
2988,2989,113,is trying to dupe the viewer into taking it all as Very Important simply because the movie is ugly to look at and not a Hollywood product,0
2989,2990,113,trying to dupe the viewer into taking it all as Very Important simply because the movie is ugly to look at and not a Hollywood product,0
2990,2991,113,to dupe the viewer into taking it all as Very Important simply because the movie is ugly to look at and not a Hollywood product,0
2991,2992,113,dupe the viewer into taking it all as Very Important simply because the movie is ugly to look at and not a Hollywood product,0
3005,3006,113,simply because the movie is ugly to look at and not a Hollywood product,0
3008,3009,113,the movie is ugly to look at and not a Hollywood product,0
3010,3011,113,ugly to look at and not a Hollywood product,0
3030,3031,114,bogged down in earnest dramaturgy,0
3172,3173,119,cheap,0
3266,3267,123,"Violent , vulgar and forgettably",0
3270,3271,123,vulgar,0
3475,3476,129,at the expense of those who paid for it and those who pay to see it,0
3591,3592,134,It 's hard to say who might enjoy this,0
3593,3594,134,hard to say who might enjoy this,0
3686,3687,139,"The movie is silly beyond comprehension , and even if it were n't silly , it would still be beyond comprehension .",0
3688,3689,139,"The movie is silly beyond comprehension , and",0
3712,3713,141,"Poor editing , bad bluescreen , and ultra-cheesy dialogue highlight the radical action .",0
3713,3714,141,"Poor editing , bad bluescreen , and ultra-cheesy dialogue",0
3714,3715,141,"Poor editing , bad bluescreen , and",0
3716,3717,141,"Poor editing , bad bluescreen",0
3721,3722,141,bad bluescreen,0
3771,3772,143,completely misses its emotions,0
3978,3979,150,"failing , ultimately ,",0
3979,3980,150,"failing , ultimately",0
4003,4004,152,"There 's a scientific law to be discerned here that producers would be well to heed : Mediocre movies start to drag as soon as the action speeds up ; when the explosions start , they fall to pieces .",0
4004,4005,152,"There 's a scientific law to be discerned here that producers would be well to heed : Mediocre movies start to drag as soon as the action speeds up ; when the explosions start , they fall to pieces",0
4006,4007,152,There 's a scientific law to be discerned here that producers would be well to heed : Mediocre movies start to drag as soon as the action speeds up,0
4118,4119,155,stale and uninspired .,0
4120,4121,155,and uninspired .,0
4121,4122,155,uninspired .,0
4198,4199,159,", it wears out its welcome as tryingly as the title character .",0
4237,4238,161,could force you to scratch a hole in your head .,0
4238,4239,161,could force you to scratch a hole in your head,0
4241,4242,161,you to scratch a hole in your head,0
4333,4334,164,convoluted,0
4420,4421,166,violence,0
4425,4426,167,"Has no reason to exist , other than to employ Hollywood kids and people who owe favors to their famous parents .",0
4514,4515,171,Nothing more than an amiable but unfocused bagatelle that plays like a loosely-connected string of acting-workshop exercises .,0
4524,4525,171,unfocused,0
4548,4549,172,dull,0
4627,4628,176,"Starts out mediocre , spirals downward , and thuds to the bottom of the pool with an utterly incompetent conclusion .",0
4632,4633,176,"spirals downward , and thuds to the bottom of the pool with an utterly incompetent conclusion .",0
4643,4644,176,of the pool with an utterly incompetent conclusion,0
4644,4645,176,the pool with an utterly incompetent conclusion,0
4646,4647,176,with an utterly incompetent conclusion,0
4647,4648,176,an utterly incompetent conclusion,0
4648,4649,176,utterly incompetent conclusion,0
4649,4650,176,utterly incompetent,0
4665,4666,178,Horrendously amateurish filmmaking that is plainly dull and visually ugly when it is n't incomprehensible .,0
4669,4670,178,filmmaking that is plainly dull and visually ugly when it is n't incomprehensible .,0
4670,4671,178,filmmaking that is plainly dull and visually ugly when it is n't incomprehensible,0
4672,4673,178,is plainly dull and visually ugly when it is n't incomprehensible,0
4674,4675,178,plainly dull and visually ugly,0
4719,4720,180,An awkwardly contrived exercise in magic realism,0
4860,4861,187,'s a great deal of corny dialogue and preposterous moments,0
4865,4866,187,of corny dialogue and preposterous moments,0
4866,4867,187,corny dialogue and preposterous moments,0
4870,4871,187,preposterous,0
4884,4885,190,The film rehashes several old themes and is capped with pointless extremes -- it 's insanely violent and very graphic .,0
4896,4897,190,is capped with pointless extremes,0
4897,4898,190,capped with pointless extremes,0
4899,4900,190,with pointless extremes,0
4901,4902,190,pointless,0
4931,4932,191,be disappointed,0
4934,4935,192,never plays as dramatic even when dramatic things happen to people .,0
4970,4971,194,generates plot points with a degree of randomness usually achieved only by lottery drawing .,0
5023,5024,196,can depress you about life itself,0
5025,5026,196,depress you,0
5084,5085,198,smug self-satisfaction,0
5116,5117,200,pomposity and pretentiousness,0
5293,5294,210,"It is depressing , ruthlessly pained and depraved , the movie equivalent of staring into an open wound .",0
5298,5299,210,"depressing , ruthlessly pained and depraved",0
5302,5303,210,depressing,0
5306,5307,210,depraved,0
5307,5308,210,the movie equivalent of staring into an open wound,0
5373,5374,215,instead opts for a routine slasher film that was probably more fun to make than it is to sit through .,0
5379,5380,215,a routine slasher film that was probably more fun to make than it is to sit through,0
5398,5399,216,"Would 've been nice if the screenwriters had trusted audiences to understand a complex story , and left off the film 's predictable denouement .",0
5430,5431,217,"A superfluous sequel ... plagued by that old familiar feeling of ` let 's get this thing over with ' : Everyone has shown up at the appointed time and place , but",0
5431,5432,217,"A superfluous sequel ... plagued by that old familiar feeling of ` let 's get this thing over with ' : Everyone has shown up at the appointed time and place ,",0
5432,5433,217,A superfluous sequel ... plagued by that old familiar feeling of ` let 's get this thing over with ' : Everyone has shown up at the appointed time and place,0
5436,5437,217,A superfluous sequel,0
5437,5438,217,superfluous sequel,0
5442,5443,217,by that old familiar feeling of ` let 's get this thing over with ',0
5449,5450,217,of ` let 's get this thing over with,0
5519,5520,219,a familiar anti-feminist equation -LRB- career - kids = misery -RRB- in tiresome romantic-comedy duds,0
5538,5539,219,romantic-comedy duds,0
5596,5597,223,Plays like a bad blend of an overripe episode of TV 's Dawson 's Creek and a recycled and dumbed-down version of Love Story .,0
5597,5598,223,like a bad blend of an overripe episode of TV 's Dawson 's Creek and a recycled and dumbed-down version of Love Story .,0
5599,5600,223,a bad blend of an overripe episode of TV 's Dawson 's Creek and a recycled and dumbed-down version of Love Story,0
5604,5605,223,an overripe episode of TV 's Dawson 's Creek and a recycled and dumbed-down version of Love Story,0
5606,5607,223,an overripe episode of TV 's Dawson 's Creek,0
5618,5619,223,a recycled and dumbed-down version of Love Story,0
5619,5620,223,a recycled and dumbed-down version,0
5628,5629,224,"covers huge , heavy topics in a bland , surfacey way that does n't offer any insight into why , for instance , good things happen to bad people .",0
5631,5632,224,"huge , heavy topics in a bland , surfacey way that does n't offer any insight into why , for instance , good things happen to bad people",0
5638,5639,224,"a bland , surfacey way that does n't offer any insight into why , for instance , good things happen to bad people",0
5664,5665,225,The film is so bad it does n't improve upon the experience of staring at a blank screen .,0
5665,5666,225,is so bad it does n't improve upon the experience of staring at a blank screen .,0
5666,5667,225,is so bad it does n't improve upon the experience of staring at a blank screen,0
5669,5670,225,it does n't improve upon the experience of staring at a blank screen,0
5674,5675,225,the experience of staring at a blank screen,0
5716,5717,227,"It 's difficult to imagine that a more confused , less interesting and more sloppily made film could possibly come down the road in 2002 .",0
5718,5719,227,"'s difficult to imagine that a more confused , less interesting and more sloppily made film could possibly come down the road in 2002",0
5719,5720,227,"difficult to imagine that a more confused , less interesting and more sloppily made film could possibly come down the road in 2002",0
5721,5722,227,"to imagine that a more confused , less interesting and more sloppily made film could possibly come down the road in 2002",0
5725,5726,227,"a more confused , less interesting and more sloppily made film could possibly come down the road in 2002",0
5726,5727,227,"a more confused , less interesting and more sloppily",0
5728,5729,227,"more confused , less interesting and more",0
5828,5829,233,its lackadaisical plotting and mindless action,0
5829,5830,233,lackadaisical plotting and mindless action,0
0,1,1,"A series of escapades demonstrating the adage that what is good for the goose is also good for the gander , some of which occasionally amuses but none of which amounts to much of a story .",1
33,34,1,"the gander , some of which occasionally amuses but none of which amounts to much of a story",1
47,48,1,but none of which amounts to much of a story,1
49,50,1,none of which amounts to much of a story,1
81,82,3,"Even fans of Ismail Merchant 's work , I suspect , would have a hard time sitting through this one .",1
94,95,3,", I suspect , would have a hard time sitting through this one .",1
100,101,3,would have a hard time sitting through this one .,1
105,106,3,a hard time sitting through this one,1
106,107,3,a hard time,1
107,108,3,hard time,1
110,111,3,sitting through this one,1
131,132,4,"the intrigue , betrayal , deceit and murder",1
135,136,4,"betrayal , deceit and murder",1
137,138,4,", deceit and murder",1
138,139,4,deceit and murder,1
140,141,4,deceit,1
141,142,4,murder,1
145,146,4,a Shakespearean tragedy,1
148,149,4,tragedy,1
153,154,4,soap opera,1
156,157,5,Aggressive self-glorification and a manipulative whitewash .,1
160,161,5,self-glorification and,1
162,163,5,a manipulative whitewash,1
163,164,5,manipulative whitewash,1
195,196,6,midlife crisis,1
198,199,7,"Narratively , Trouble Every Day is a plodding mess .",1
200,201,7,", Trouble Every Day is a plodding mess .",1
203,204,7,Trouble,1
207,208,7,is a plodding mess .,1
209,210,7,a plodding mess,1
211,212,7,plodding,1
212,213,7,mess,1
247,248,9,But it does n't leave you with much .,1
248,249,9,it does n't leave you with much .,1
249,250,9,does n't leave you with much .,1
250,251,9,does n't leave you with much,1
251,252,9,does n't,1
256,257,9,leave,1
259,260,10,You could hate it for the same reason .,1
260,261,10,could hate it for the same reason .,1
263,264,10,hate it for the same reason,1
271,272,11,"There 's little to recommend Snow Dogs , unless one considers cliched dialogue and perverse escapism a source of high hilarity .",1
273,274,11,"'s little to recommend Snow Dogs , unless one considers cliched dialogue and perverse escapism a source of high hilarity .",1
274,275,11,"'s little to recommend Snow Dogs , unless one considers cliched dialogue and perverse escapism a source of high hilarity",1
275,276,11,"'s little to recommend Snow Dogs ,",1
276,277,11,'s little to recommend Snow Dogs,1
285,286,11,unless one considers cliched dialogue and perverse escapism a source of high hilarity,1
290,291,11,cliched dialogue and perverse escapism a source of high hilarity,1
291,292,11,cliched dialogue and perverse escapism,1
292,293,11,cliched dialogue and,1
293,294,11,cliched dialogue,1
294,295,11,cliched,1
297,298,11,perverse,1
306,307,12,"Kung Pow is Oedekerk 's realization of his childhood dream to be in a martial-arts flick , and proves that sometimes the dreams of youth should remain just that .",1
335,336,12,proves that sometimes the dreams of youth should remain just that,1
337,338,12,that sometimes the dreams of youth should remain just that,1
338,339,12,sometimes the dreams of youth should remain just that,1
377,378,14,the ways in which extravagant chance can distort our perspective and throw us off the path of good sense,1
399,400,14,off the path of good sense,1
400,401,14,off,1
422,423,15,damned,1
429,430,16,from baseball movies that try too hard to be mythic,1
434,435,16,that try too hard to be mythic,1
435,436,16,try too hard to be mythic,1
437,438,16,too hard to be mythic,1
439,440,16,hard to be mythic,1
516,517,19,As inept as big-screen remakes of The Avengers and The Wild Wild West .,1
518,519,19,As inept,1
520,521,19,inept,1
521,522,19,as big-screen remakes of The Avengers and The Wild Wild West,1
537,538,20,'s everything you 'd expect -- but nothing more .,1
539,540,20,everything you 'd expect -- but nothing more,1
541,542,20,you 'd expect -- but nothing more,1
549,550,20,nothing,1
576,577,22,oddest,1
619,620,23,It 's like going to a house party and watching the host defend himself against a frothing ex-girlfriend .,1
620,621,23,'s like going to a house party and watching the host defend himself against a frothing ex-girlfriend .,1
621,622,23,'s like going to a house party and watching the host defend himself against a frothing ex-girlfriend,1
622,623,23,like going to a house party and watching the host defend himself against a frothing ex-girlfriend,1
623,624,23,going to a house party and watching the host defend himself against a frothing ex-girlfriend,1
645,646,23,frothing,1
657,658,24,grenade,1
659,660,24,gag,1
693,694,25,romantic comedy boilerplate,1
707,708,26,"an impeccable pedigree , mongrel pep , and almost indecipherable plot complications",1
718,719,26,mongrel,1
721,722,26,indecipherable plot complications,1
724,725,26,complications,1
733,734,27,preach exclusively to the converted .,1
741,742,28,"While The Importance of Being Earnest offers opportunities for occasional smiles and chuckles , it does n't give us a reason to be in the theater beyond Wilde 's wit and the actors ' performances .",1
758,759,28,chuckles,1
762,763,28,does n't give us a reason to be in the theater beyond Wilde 's wit and the actors ' performances,1
763,764,28,give us a reason to be in the theater beyond Wilde 's wit and the actors ' performances,1
786,787,29,The latest vapid actor 's exercise to appropriate the structure of Arthur Schnitzler 's Reigen .,1
790,791,29,vapid actor 's exercise to appropriate the structure of Arthur Schnitzler 's Reigen,1
791,792,29,vapid actor 's exercise,1
792,793,29,vapid,1
813,814,30,"More vaudeville show than well-constructed narrative ,",1
814,815,30,More vaudeville show than well-constructed narrative,1
835,836,30,inoffensive,1
844,845,31,run-of-the-mill action,1
845,846,31,run-of-the-mill,1
849,850,32,"Hampered -- no , paralyzed -- by a self-indulgent script ... that aims for poetry and ends up sounding like satire",1
850,851,32,"Hampered -- no , paralyzed -- by a self-indulgent script ...",1
851,852,32,"Hampered -- no , paralyzed -- by a self-indulgent script",1
856,857,32,"no , paralyzed",1
857,858,32,no,1
858,859,32,", paralyzed",1
860,861,32,by a self-indulgent script,1
863,864,32,self-indulgent,1
866,867,32,that aims for poetry and ends up sounding like satire,1
867,868,32,aims for poetry and ends up sounding like satire,1
873,874,32,ends up sounding like satire,1
906,907,33,makes for some glacial pacing early on,1
907,908,33,makes for some glacial pacing,1
917,918,34,"There 's very little sense to what 's going on here , but the makers serve up the cliches with considerable dash",1
918,919,34,"There 's very little sense to what 's going on here , but",1
920,921,34,There 's very little sense to what 's going on here,1
921,922,34,'s very little sense to what 's going on here,1
922,923,34,very little sense to what 's going on here,1
923,924,34,very little sense,1
926,927,34,what 's going on here,1
937,938,34,the cliches with considerable dash,1
938,939,34,the cliches,1
957,958,35,"of his first film , The Full Monty ,",1
970,971,36,"They 're the unnamed , easily substitutable forces that serve as whatever terror the heroes of horror movies try to avoid .",1
972,973,36,"'re the unnamed , easily substitutable forces that serve as whatever terror the heroes of horror movies try to avoid .",1
975,976,36,"the unnamed , easily substitutable forces that serve as whatever terror the heroes of horror movies try to avoid",1
976,977,36,"the unnamed , easily substitutable forces",1
978,979,36,"unnamed , easily substitutable",1
980,981,36,", easily substitutable",1
983,984,36,substitutable,1
988,989,36,whatever terror the heroes of horror movies try to avoid,1
989,990,36,whatever,1
990,991,36,terror the heroes of horror movies try to avoid,1
991,992,36,terror,1
992,993,36,the heroes of horror movies try to avoid,1
998,999,36,horror,1
999,1000,36,try to avoid,1
1000,1001,36,to avoid,1
1002,1003,37,It almost feels as if the movie is more interested in entertaining itself than in amusing us .,1
1004,1005,37,feels as if the movie is more interested in entertaining itself than in amusing us .,1
1005,1006,37,feels as if the movie is more interested in entertaining itself than in amusing us,1
1007,1008,37,as if the movie is more interested in entertaining itself than in amusing us,1
1008,1009,37,if the movie is more interested in entertaining itself than in amusing us,1
1010,1011,37,the movie is more interested in entertaining itself than in amusing us,1
1011,1012,37,is more interested in entertaining itself than in amusing us,1
1012,1013,37,more interested in entertaining itself than in amusing us,1
1013,1014,37,more interested in entertaining itself,1
1027,1028,38,into rambling incoherence,1
1029,1030,38,rambling incoherence,1
1030,1031,38,rambling,1
1031,1032,38,incoherence,1
1034,1035,38,gives new meaning to the phrase ` fatal script error,1
1040,1041,38,to the phrase ` fatal script error,1
1041,1042,38,the phrase ` fatal script error,1
1042,1043,38,phrase ` fatal script error,1
1048,1049,38,script error,1
1049,1050,38,error,1
1054,1055,39,Do n't,1
1095,1096,40,out,1
1100,1101,41,"Tartakovsky 's team has some freakish powers of visual charm , but the five writers slip into the modern rut of narrative banality",1
1123,1124,41,slip into the modern rut of narrative banality,1
1125,1126,41,into the modern rut of narrative banality,1
1126,1127,41,the modern rut of narrative banality,1
1127,1128,41,the modern rut,1
1130,1131,41,rut,1
1132,1133,41,narrative banality,1
1133,1134,41,banality,1
1173,1174,43,is to frighten and disturb,1
1176,1177,43,frighten and,1
1178,1179,43,disturb,1
1198,1199,44,This 100-minute movie only has about 25 minutes of decent material .,1
1202,1203,44,only has about 25 minutes of decent material .,1
1205,1206,44,has about 25 minutes of decent material,1
1206,1207,44,about 25 minutes of decent material,1
1233,1234,46,hell-jaunt purists,1
1234,1235,46,hell-jaunt,1
1247,1248,46,-LRB-,1
1254,1255,46,horrifying,1
1272,1273,47,airless cinematic shell games .,1
1280,1281,48,"I 'm sure the filmmaker would disagree , but , honestly , I do n't see the point .",1
1281,1282,48,"'m sure the filmmaker would disagree , but , honestly , I do n't see the point .",1
1284,1285,48,"sure the filmmaker would disagree , but , honestly , I do n't see the point",1
1286,1287,48,"the filmmaker would disagree , but , honestly , I do n't see the point",1
1290,1291,48,the filmmaker would disagree,1
1297,1298,48,", I do n't see the point",1
1298,1299,48,I do n't see the point,1
1299,1300,48,do n't see the point,1
1334,1335,50,Bloody,1
1351,1352,50,to place blame,1
1363,1364,50,war movies,1
1364,1365,50,war,1
1368,1369,51,"Takes a clunky TV-movie approach to detailing a chapter in the life of the celebrated Irish playwright , poet and drinker .",1
1369,1370,51,"Takes a clunky TV-movie approach to detailing a chapter in the life of the celebrated Irish playwright , poet and drinker",1
1370,1371,51,"a clunky TV-movie approach to detailing a chapter in the life of the celebrated Irish playwright , poet and drinker",1
1373,1374,51,clunky TV-movie,1
1374,1375,51,clunky,1
1402,1403,52,"coming down off of Miramax 's deep shelves after a couple of aborted attempts , Waking Up in Reno makes a strong case for letting sleeping dogs lie .",1
1403,1404,52,"coming down off of Miramax 's deep shelves after a couple of aborted attempts , Waking Up in Reno makes a strong case for letting sleeping dogs lie",1
1,2,1,A series of escapades demonstrating the adage that what is good for the goose,2
2,3,1,A series,2
3,4,1,A,2
4,5,1,series,2
5,6,1,of escapades demonstrating the adage that what is good for the goose,2
6,7,1,of,2
7,8,1,escapades demonstrating the adage that what is good for the goose,2
8,9,1,escapades,2
9,10,1,demonstrating the adage that what is good for the goose,2
10,11,1,demonstrating the adage,2
11,12,1,demonstrating,2
12,13,1,the adage,2
13,14,1,the,2
14,15,1,adage,2
15,16,1,that what is good for the goose,2
16,17,1,that,2
17,18,1,what is good for the goose,2
18,19,1,what,2
19,20,1,is good for the goose,2
20,21,1,is,2
23,24,1,for the goose,2
24,25,1,for,2
25,26,1,the goose,2
26,27,1,goose,2
27,28,1,"is also good for the gander , some of which occasionally amuses but none of which amounts to much of a story .",2
28,29,1,"is also good for the gander , some of which occasionally amuses but none of which amounts to much of a story",2
29,30,1,is also,2
30,31,1,also,2
31,32,1,"good for the gander , some of which occasionally amuses but none of which amounts to much of a story",2
32,33,1,"for the gander , some of which occasionally amuses but none of which amounts to much of a story",2
34,35,1,"the gander ,",2
35,36,1,the gander,2
36,37,1,gander,2
37,38,1,",",2
38,39,1,some of which occasionally amuses but none of which amounts to much of a story,2
39,40,1,some of which,2
40,41,1,some,2
41,42,1,of which,2
42,43,1,which,2
43,44,1,occasionally amuses but none of which amounts to much of a story,2
44,45,1,occasionally,2
45,46,1,amuses but none of which amounts to much of a story,2
48,49,1,but,2
50,51,1,none,2
51,52,1,of which amounts to much of a story,2
52,53,1,which amounts to much of a story,2
53,54,1,amounts to much of a story,2
54,55,1,amounts,2
55,56,1,to much of a story,2
56,57,1,to,2
57,58,1,much of a story,2
58,59,1,much,2
59,60,1,of a story,2
60,61,1,a story,2
61,62,1,story,2
62,63,1,.,2
65,66,2,This,2
68,69,2,quiet,2
72,73,2,introspective,2
73,74,2,and,2
75,76,2,independent,2
78,79,2,is worth,2
79,80,2,worth,2
80,81,2,seeking,2
82,83,3,Even fans of Ismail Merchant 's work,2
83,84,3,Even fans,2
84,85,3,Even,2
86,87,3,of Ismail Merchant 's work,2
87,88,3,Ismail Merchant 's work,2
88,89,3,Ismail Merchant 's,2
89,90,3,Ismail,2
90,91,3,Merchant 's,2
91,92,3,Merchant,2
92,93,3,'s,2
93,94,3,work,2
95,96,3,", I suspect ,",2
96,97,3,"I suspect ,",2
97,98,3,I suspect,2
98,99,3,I,2
99,100,3,suspect,2
102,103,3,would,2
104,105,3,have,2
108,109,3,hard,2
109,110,3,time,2
111,112,3,sitting,2
112,113,3,through this one,2
113,114,3,through,2
114,115,3,this one,2
115,116,3,one,2
124,125,4,combination,2
125,126,4,"of ethnography and all the intrigue , betrayal , deceit and murder",2
126,127,4,"ethnography and all the intrigue , betrayal , deceit and murder",2
127,128,4,ethnography and,2
128,129,4,ethnography,2
129,130,4,"all the intrigue , betrayal , deceit and murder",2
130,131,4,all,2
132,133,4,"intrigue , betrayal , deceit and murder",2
134,135,4,", betrayal , deceit and murder",2
136,137,4,betrayal,2
139,140,4,deceit and,2
142,143,4,of a Shakespearean tragedy or a juicy soap opera,2
143,144,4,a Shakespearean tragedy or a juicy soap opera,2
144,145,4,a Shakespearean tragedy or,2
146,147,4,Shakespearean tragedy,2
147,148,4,Shakespearean,2
149,150,4,or,2
154,155,4,soap,2
155,156,4,opera,2
158,159,5,Aggressive,2
161,162,5,self-glorification,2
164,165,5,manipulative,2
165,166,5,whitewash,2
168,169,6,A comedy-drama,2
169,170,6,comedy-drama,2
171,172,6,nearly epic proportions,2
173,174,6,nearly,2
175,176,6,proportions,2
181,182,6,in,2
185,186,6,performance,2
186,187,6,by the title character undergoing midlife crisis,2
187,188,6,by,2
188,189,6,the title character undergoing midlife crisis,2
189,190,6,the title character,2
190,191,6,title character,2
191,192,6,title,2
192,193,6,character,2
193,194,6,undergoing midlife crisis,2
194,195,6,undergoing,2
196,197,6,midlife,2
197,198,6,crisis,2
199,200,7,Narratively,2
202,203,7,Trouble Every Day,2
204,205,7,Every Day,2
205,206,7,Every,2
206,207,7,Day,2
214,215,8,The Importance,2
216,217,8,"of Being Earnest , so thick with wit it plays like a reading from Bartlett 's Familiar Quotations",2
218,219,8,Being,2
219,220,8,"Earnest , so thick with wit it plays like a reading from Bartlett 's Familiar Quotations",2
222,223,8,so thick with wit it plays like a reading from Bartlett 's Familiar Quotations,2
223,224,8,so,2
225,226,8,thick,2
227,228,8,with,2
228,229,8,wit it plays like a reading from Bartlett 's Familiar Quotations,2
229,230,8,wit,2
230,231,8,it plays like a reading from Bartlett 's Familiar Quotations,2
231,232,8,it,2
233,234,8,plays,2
234,235,8,like a reading from Bartlett 's Familiar Quotations,2
235,236,8,like,2
236,237,8,a reading from Bartlett 's Familiar Quotations,2
237,238,8,a reading,2
238,239,8,reading,2
239,240,8,from Bartlett 's Familiar Quotations,2
240,241,8,from,2
241,242,8,Bartlett 's Familiar Quotations,2
242,243,8,Bartlett 's,2
243,244,8,Bartlett,2
244,245,8,Familiar Quotations,2
245,246,8,Familiar,2
246,247,8,Quotations,2
252,253,9,does,2
253,254,9,n't,2
254,255,9,leave you with much,2
255,256,9,leave you,2
257,258,9,you,2
258,259,9,with much,2
262,263,10,could,2
266,267,10,for the same reason,2
267,268,10,the same reason,2
268,269,10,same reason,2
269,270,10,same,2
270,271,10,reason,2
272,273,11,There,2
277,278,11,little to recommend Snow Dogs,2
278,279,11,little,2
279,280,11,to recommend Snow Dogs,2
282,283,11,Snow Dogs,2
283,284,11,Snow,2
284,285,11,Dogs,2
286,287,11,unless,2
287,288,11,one considers cliched dialogue and perverse escapism a source of high hilarity,2
288,289,11,considers cliched dialogue and perverse escapism a source of high hilarity,2
289,290,11,considers,2
295,296,11,dialogue,2
296,297,11,perverse escapism,2
298,299,11,escapism,2
300,301,11,a source,2
301,302,11,source,2
307,308,12,Kung Pow,2
308,309,12,Kung,2
310,311,12,"is Oedekerk 's realization of his childhood dream to be in a martial-arts flick , and proves that sometimes the dreams of youth should remain just that .",2
312,313,12,"is Oedekerk 's realization of his childhood dream to be in a martial-arts flick , and",2
313,314,12,"is Oedekerk 's realization of his childhood dream to be in a martial-arts flick ,",2
314,315,12,is Oedekerk 's realization of his childhood dream to be in a martial-arts flick,2
315,316,12,Oedekerk 's realization of his childhood dream to be in a martial-arts flick,2
316,317,12,Oedekerk 's realization of his childhood dream,2
317,318,12,Oedekerk 's realization,2
318,319,12,Oedekerk 's,2
319,320,12,Oedekerk,2
21,22,1,good for the goose,3
22,23,1,good,3
46,47,1,amuses,3
64,65,2,"This quiet , introspective and entertaining independent",3
67,68,2,"quiet , introspective and entertaining",3
69,70,2,", introspective and entertaining",3
70,71,2,introspective and entertaining,3
71,72,2,introspective and,3
76,77,2,is worth seeking .,3
85,86,3,fans,3
116,117,4,"A positively thrilling combination of ethnography and all the intrigue , betrayal , deceit and murder of a Shakespearean tragedy or a juicy soap opera .",3
119,120,4,A positively thrilling combination,3
120,121,4,positively thrilling combination,3
121,122,4,positively,3
122,123,4,thrilling combination,3
133,134,4,intrigue,3
150,151,4,a juicy soap opera,3
151,152,4,juicy soap opera,3
152,153,4,juicy,3
167,168,6,A comedy-drama of nearly epic proportions,3
170,171,6,of nearly epic proportions,3
174,175,6,epic,3
177,178,6,rooted in a sincere performance by the title character undergoing midlife crisis,3
178,179,6,rooted in a sincere performance,3
179,180,6,rooted,3
184,185,6,sincere,3
213,214,8,"The Importance of Being Earnest , so thick with wit it plays like a reading from Bartlett 's Familiar Quotations",3
215,216,8,Importance,3
217,218,8,"Being Earnest , so thick with wit it plays like a reading from Bartlett 's Familiar Quotations",3
220,221,8,"Earnest ,",3
221,222,8,Earnest,3
224,225,8,thick with wit it plays like a reading from Bartlett 's Familiar Quotations,3
226,227,8,with wit it plays like a reading from Bartlett 's Familiar Quotations,3
232,233,8,plays like a reading from Bartlett 's Familiar Quotations,3
281,282,11,recommend,3
299,300,11,a source of high hilarity,3
302,303,11,of high hilarity,3
304,305,11,high,3
305,306,11,hilarity,3
309,310,12,Pow,3
326,327,12,dream,3
341,342,12,the dreams of youth,3
356,357,13,are an absolute joy,3
360,361,13,absolute joy,3
363,364,14,Fresnadillo has something serious to say about the ways in which extravagant chance can distort our perspective and throw us off the path of good sense .,3
365,366,14,has something serious to say about the ways in which extravagant chance can distort our perspective and throw us off the path of good sense .,3
366,367,14,has something serious to say about the ways in which extravagant chance can distort our perspective and throw us off the path of good sense,3
368,369,14,something serious to say about the ways in which extravagant chance can distort our perspective and throw us off the path of good sense,3
372,373,14,to say about the ways in which extravagant chance can distort our perspective and throw us off the path of good sense,3
398,399,14,us,3
404,405,14,of good sense,3
405,406,14,good sense,3
407,408,15,"I still like Moonlight Mile , better judgment be damned .",3
408,409,15,"still like Moonlight Mile , better judgment be damned .",3
423,424,16,"A welcome relief from baseball movies that try too hard to be mythic , this one is a sweet and modest and ultimately winning story .",3
424,425,16,A welcome relief from baseball movies that try too hard to be mythic,3
425,426,16,A welcome relief,3
426,427,16,welcome relief,3
443,444,16,", this one is a sweet and modest and ultimately winning story .",3
446,447,16,is a sweet and modest and ultimately winning story,3
447,448,16,a sweet and modest and ultimately winning story,3
448,449,16,a sweet and modest and,3
450,451,16,sweet and modest,3
451,452,16,sweet and,3
453,454,16,modest,3
456,457,16,winning story,3
457,458,16,winning,3
458,459,17,"a bilingual charmer , just like the woman who inspired it",3
459,460,17,"a bilingual charmer ,",3
460,461,17,a bilingual charmer,3
461,462,17,bilingual charmer,3
463,464,17,charmer,3
472,473,17,inspired,3
474,475,18,Like a less dizzily gorgeous companion to Mr.,3
482,483,18,gorgeous,3
483,484,18,companion,3
491,492,18,In the Mood for Love -- very much a Hong Kong movie,3
493,494,18,the Mood,3
496,497,18,Love -- very much a Hong Kong movie,3
498,499,18,Love --,3
511,512,18,its mainland setting,3
531,532,19,The Wild Wild West,3
533,534,19,Wild,3
553,554,21,"indie of the year , so far .",3
555,556,21,"indie of the year ,",3
556,557,21,indie of the year,3
563,564,22,"Hatfield and Hicks make the oddest of couples , and in this sense the movie becomes a study of the gambles of the publishing world , offering a case study that exists apart from all the movie 's political ramifications .",3
564,565,22,"Hatfield and Hicks make the oddest of couples , and in this sense the movie becomes a study of the gambles of the publishing world , offering a case study that exists apart from all the movie 's political ramifications",3
579,580,22,"in this sense the movie becomes a study of the gambles of the publishing world , offering a case study that exists apart from all the movie 's political ramifications",3
602,603,22,a case study that exists apart from all the movie 's political ramifications,3
638,639,23,defend himself,3
662,663,24,occurs about 7 times during Windtalkers is a good indication of how serious-minded the film is,3
673,674,24,is a good indication of how serious-minded the film is,3
674,675,24,a good indication of how serious-minded the film is,3
675,676,24,a good indication,3
676,677,24,good indication,3
679,680,24,how serious-minded the film is,3
682,683,24,serious-minded the film,3
690,691,25,is romantic comedy boilerplate from start to finish,3
696,697,25,comedy,3
711,712,26,"an impeccable pedigree , mongrel pep",3
712,713,26,"impeccable pedigree , mongrel pep",3
742,743,28,While The Importance of Being Earnest offers opportunities for occasional smiles and chuckles,3
744,745,28,The Importance of Being Earnest offers opportunities for occasional smiles and chuckles,3
745,746,28,The Importance of Being Earnest,3
749,750,28,offers opportunities for occasional smiles and,3
750,751,28,offers opportunities for occasional smiles,3
754,755,28,for occasional smiles,3
755,756,28,occasional smiles,3
765,766,28,give,3
773,774,28,theater,3
777,778,28,Wilde 's wit and,3
800,801,29,appropriate,3
804,805,29,Arthur Schnitzler 's Reigen,3
811,812,30,"More vaudeville show than well-constructed narrative , but on those terms it 's inoffensive and actually rather sweet",3
817,818,30,show than well-constructed narrative,3
819,820,30,than well-constructed narrative,3
822,823,30,well-constructed,3
824,825,30,on those terms it 's inoffensive and actually rather sweet,3
830,831,30,it 's inoffensive and actually rather sweet,3
831,832,30,'s inoffensive and actually rather sweet,3
832,833,30,inoffensive and actually rather sweet,3
837,838,30,rather sweet,3
841,842,31,more than a run-of-the-mill action,3
872,873,32,poetry,3
878,879,32,sounding,3
883,884,33,"Ice Age is the first computer-generated feature cartoon to feel like other movies , and",3
885,886,33,Ice Age is the first computer-generated feature cartoon to feel like other movies,3
889,890,33,is the first computer-generated feature cartoon to feel like other movies,3
892,893,33,first computer-generated feature cartoon,3
899,900,33,to feel like other movies,3
942,943,34,considerable,3
950,951,35,"followed the runaway success of his first film , The Full Monty ,",3
954,955,35,runaway success,3
956,957,35,success,3
965,966,35,Full,3
968,969,35,something different,3
982,983,36,easily,3
995,996,36,heroes,3
1014,1015,37,interested in entertaining itself,3
1015,1016,37,interested,3
1017,1018,37,entertaining itself,3
1020,1021,37,in amusing us,3
1021,1022,37,amusing us,3
1025,1026,38,The movie 's progression,3
1038,1039,38,new,3
1050,1051,39,"Do n't judge this one too soon - it 's a dark , gritty story but it takes off in totally unexpected directions and keeps on going .",3
1053,1054,39,Do n't judge this one too soon,3
1063,1064,39,"it 's a dark , gritty story but",3
1065,1066,39,"'s a dark , gritty story",3
1071,1072,39,gritty,3
1072,1073,39,it takes off in totally unexpected directions and keeps on going,3
1074,1075,39,takes off in totally unexpected directions and,3
1075,1076,39,takes off in totally unexpected directions,3
1079,1080,39,totally unexpected directions,3
1087,1088,40,So could young romantics out on a date .,3
1089,1090,40,could young romantics out on a date,3
1093,1094,40,romantics,3
1097,1098,40,a date,3
1101,1102,41,"Tartakovsky 's team has some freakish powers of visual charm , but",3
1102,1103,41,"Tartakovsky 's team has some freakish powers of visual charm ,",3
1103,1104,41,Tartakovsky 's team has some freakish powers of visual charm,3
1107,1108,41,team,3
1108,1109,41,has some freakish powers of visual charm,3
1112,1113,41,freakish,3
1114,1115,41,of visual charm,3
1115,1116,41,visual charm,3
1117,1118,41,charm,3
1119,1120,41,the five writers,3
1134,1135,42,Vincent Gallo is right at home in this French shocker playing his usual bad boy weirdo role .,3
1138,1139,42,is right at home in this French shocker playing his usual bad boy weirdo role .,3
1139,1140,42,is right at home in this French shocker playing his usual bad boy weirdo role,3
1141,1142,42,right at home in this French shocker,3
1142,1143,42,right at home,3
1143,1144,42,right,3
1149,1150,42,French shocker,3
1172,1173,43,goal,3
1185,1186,43,works spectacularly well ...,3
1186,1187,43,works spectacularly well,3
1190,1191,43,well,3
1193,1194,43,A shiver-inducing,3
1194,1195,43,shiver-inducing,3
1204,1205,44,has about 25 minutes of decent material .,3
1212,1213,44,decent material,3
1213,1214,44,decent,3
1224,1225,46,Less the sensational true-crime hell-jaunt purists might like and more experimental in its storytelling -LRB- though no less horrifying for it -RRB- .,3
1225,1226,46,the sensational true-crime hell-jaunt purists might like and more experimental in its storytelling -LRB- though no less horrifying for it -RRB- .,3
1227,1228,46,the sensational true-crime hell-jaunt purists might like and more experimental in its storytelling,3
1228,1229,46,the sensational true-crime,3
1236,1237,46,might like and more experimental in its storytelling,3
1240,1241,46,more experimental in its storytelling,3
1241,1242,46,more experimental,3
1256,1257,46,-RRB-,3
1257,1258,47,As tricky and satisfying as any of David Mamet 's airless cinematic shell games .,3
1258,1259,47,As tricky and satisfying as any of David,3
1259,1260,47,tricky and satisfying as any of David,3
1260,1261,47,tricky and satisfying,3
1269,1270,47,Mamet 's airless cinematic shell games .,3
1276,1277,47,cinematic,3
1294,1295,48,disagree,3
63,64,2,"This quiet , introspective and entertaining independent is worth seeking .",4
66,67,2,"quiet , introspective and entertaining independent",4
74,75,2,entertaining,4
77,78,2,is worth seeking,4
117,118,4,"A positively thrilling combination of ethnography and all the intrigue , betrayal , deceit and murder of a Shakespearean tragedy or a juicy soap opera",4
118,119,4,"A positively thrilling combination of ethnography and all the intrigue , betrayal , deceit and murder",4
123,124,4,thrilling,4
166,167,6,A comedy-drama of nearly epic proportions rooted in a sincere performance by the title character undergoing midlife crisis .,4
172,173,6,nearly epic,4
176,177,6,rooted in a sincere performance by the title character undergoing midlife crisis .,4
180,181,6,in a sincere performance,4
182,183,6,a sincere performance,4
183,184,6,sincere performance,4
280,281,11,recommend Snow Dogs,4
303,304,11,high hilarity,4
352,353,13,The performances are an absolute joy .,4
355,356,13,are an absolute joy .,4
358,359,13,an absolute joy,4
362,363,13,joy,4
384,385,14,extravagant,4
419,420,15,better,4
444,445,16,this one is a sweet and modest and ultimately winning story .,4
445,446,16,is a sweet and modest and ultimately winning story .,4
449,450,16,a sweet and modest,4
452,453,16,sweet,4
454,455,16,ultimately winning story,4
480,481,18,dizzily gorgeous,4
497,498,18,Love -- very much,4
499,500,18,Love,4
551,552,21,"Best indie of the year , so far .",4
552,553,21,Best,4
554,555,21,"indie of the year , so far",4
713,714,26,impeccable,4
821,822,30,well-constructed narrative,4
890,891,33,the first computer-generated feature cartoon to feel like other movies,4
952,953,35,"the runaway success of his first film , The Full Monty ,",4
953,954,35,the runaway success,4
1022,1023,37,amusing,4
1091,1092,40,young romantics,4
1164,1165,43,"If a horror movie 's primary goal is to frighten and disturb , then They works spectacularly well ... A shiver-inducing , nerve-rattling ride .",4
1179,1180,43,", then They works spectacularly well ... A shiver-inducing , nerve-rattling ride .",4
1180,1181,43,"then They works spectacularly well ... A shiver-inducing , nerve-rattling ride .",4
1182,1183,43,"They works spectacularly well ... A shiver-inducing , nerve-rattling ride .",4
1183,1184,43,"works spectacularly well ... A shiver-inducing , nerve-rattling ride .",4
1184,1185,43,"works spectacularly well ... A shiver-inducing , nerve-rattling ride",4
1188,1189,43,spectacularly well,4
1189,1190,43,spectacularly,4
1226,1227,46,the sensational true-crime hell-jaunt purists might like and more experimental in its storytelling -LRB- though no less horrifying for it -RRB-,4
1229,1230,46,sensational true-crime,4
1230,1231,46,sensational,4
1263,1264,47,satisfying,4
1304,1305,49,Jones has tackled a meaty subject and drawn engaging characters while peppering the pages with memorable zingers .,4
1306,1307,49,has tackled a meaty subject and drawn engaging characters while peppering the pages with memorable zingers .,4
1308,1309,49,tackled a meaty subject and drawn engaging characters while peppering the pages with memorable zingers,4
1317,1318,49,drawn engaging characters,4
1320,1321,49,engaging,4
1330,1331,49,memorable,4
1332,1333,50,"Bloody Sunday has the grace to call for prevention rather than to place blame , making it one of the best war movies ever made .",4
1336,1337,50,"has the grace to call for prevention rather than to place blame , making it one of the best war movies ever made .",4
1337,1338,50,"has the grace to call for prevention rather than to place blame , making it one of the best war movies ever made",4
1338,1339,50,"the grace to call for prevention rather than to place blame , making it one of the best war movies ever made",4
1339,1340,50,"grace to call for prevention rather than to place blame , making it one of the best war movies ever made",4
1341,1342,50,"to call for prevention rather than to place blame , making it one of the best war movies ever made",4
1342,1343,50,"call for prevention rather than to place blame , making it one of the best war movies ever made",4
1355,1356,50,making it one of the best war movies ever made,4
1357,1358,50,it one of the best war movies ever made,4
1358,1359,50,one of the best war movies ever made,4
1359,1360,50,of the best war movies ever made,4
1360,1361,50,the best war movies ever made,4
1362,1363,50,best war movies,4
1505,1506,55,"Perhaps it 's cliche to call the film ` refreshing , ' but it is .",4
1506,1507,55,"Perhaps it 's cliche to call the film ` refreshing , ' but it is",4
1519,1520,55,` refreshing,4
1522,1523,56,Both lead performances are Oscar-size .,4
1623,1624,60,a smart new comedy,4
1624,1625,60,smart new comedy,4
1625,1626,60,smart,4
1745,1746,65,impressed,4
1752,1753,65,good fun,4
1753,1754,65,fun,4
1798,1799,67,"A smart , provocative drama that does the nearly impossible : It gets under the skin of a man we only know as an evil , monstrous lunatic .",4
1799,1800,67,"A smart , provocative drama that does the nearly impossible : It gets under the skin of a man we only know as an evil , monstrous lunatic",4
1800,1801,67,"A smart , provocative drama that does the nearly impossible :",4
1801,1802,67,"A smart , provocative drama that does the nearly impossible",4
1803,1804,67,"smart , provocative drama",4
1805,1806,67,provocative drama,4
1809,1810,67,does the nearly impossible,4
1886,1887,70,very funny,4
1942,1943,72,has made a movie that will leave you wondering about the characters ' lives after the clever credits roll,4
1943,1944,72,made a movie that will leave you wondering about the characters ' lives after the clever credits roll,4
1950,1951,72,you wondering about the characters ' lives after the clever credits roll,4
1961,1962,72,clever,4
2073,2074,79,This is a heartfelt story,4
2076,2077,79,heartfelt story,4
2086,2087,80,"An unsettling , memorable cinematic experience that does its predecessors proud .",4
2087,2088,80,"An unsettling , memorable cinematic experience that",4
2091,2092,80,", memorable cinematic experience",4
2096,2097,80,does its predecessors proud,4
2100,2101,80,proud,4
2105,2106,81,it 's a pretty good execution of a story that 's a lot richer than the ones Hollywood action screenwriters usually come up with on their own .,4
2108,2109,81,a pretty good execution of a story that 's a lot richer than the ones Hollywood action screenwriters usually come up with on their own,4
2112,2113,81,pretty,4
2114,2115,81,of a story that 's a lot richer than the ones Hollywood action screenwriters usually come up with on their own,4
2115,2116,81,a story that 's a lot richer than the ones Hollywood action screenwriters usually come up with on their own,4
2220,2221,84,"Inventive , fun",4
2226,2227,84,sexy,4
2234,2235,85,"Tells a fascinating , compelling story .",4
2237,2238,85,"a fascinating , compelling story",4
2238,2239,85,"fascinating , compelling story",4
2273,2274,87,"Highly recommended viewing for its courage , ideas , technical proficiency and great acting .",4
2276,2277,87,"recommended viewing for its courage , ideas , technical proficiency and great acting",4
2277,2278,87,recommended,4
2280,2281,87,"for its courage , ideas , technical proficiency and great acting",4
2281,2282,87,"its courage , ideas , technical proficiency and great acting",4
2293,2294,87,great acting,4
2294,2295,87,great,4
2296,2297,88,"In IMAX in short , it 's just as wonderful on the big screen .",4
2304,2305,88,'s just as wonderful on the big screen .,4
2307,2308,88,as wonderful on the big screen,4
2308,2309,88,wonderful on the big screen,4
2412,2413,92,enjoy,4
2436,2437,93,pleasure,4
2503,2504,96,"Invigorating , surreal , and resonant with a rainbow of emotion .",4
2504,2505,96,"Invigorating , surreal , and resonant with a rainbow of emotion",4
2505,2506,96,"Invigorating , surreal , and resonant with a rainbow",4
2587,2588,99,a particularly good film,4
2588,2589,99,particularly good film,4
2589,2590,99,particularly good,4
2657,2658,102,surprisingly ` solid ' achievement,4
2776,2777,107,"One of recent memory 's most thoughtful films about art , ethics , and the cost of moral compromise .",4
2782,2783,107,"'s most thoughtful films about art , ethics , and the cost of moral compromise .",4
2783,2784,107,"'s most thoughtful films about art , ethics , and the cost of moral compromise",4
2787,2788,107,thoughtful,4
2840,2841,109,Filmmaker Tian Zhuangzhuang triumphantly returns to narrative filmmaking with a visually masterful work of quiet power .,4
2845,2846,109,triumphantly returns to narrative filmmaking with a visually masterful work of quiet power .,4
2847,2848,109,returns to narrative filmmaking with a visually masterful work of quiet power .,4
2848,2849,109,returns to narrative filmmaking with a visually masterful work of quiet power,4
2851,2852,109,narrative filmmaking with a visually masterful work of quiet power,4
2852,2853,109,filmmaking with a visually masterful work of quiet power,4
2854,2855,109,with a visually masterful work of quiet power,4
2855,2856,109,a visually masterful work of quiet power,4
2856,2857,109,a visually masterful work,4
2857,2858,109,visually masterful work,4
2858,2859,109,visually masterful,4
2860,2861,109,masterful,4
2879,2880,110,Masterpiece,4
3039,3040,114,a stirring visual sequence,4
3054,3055,114,a leap from pinnacle to pinnacle,4
3100,3101,117,delivers a perfect performance that captures the innocence and budding demons within a wallflower .,4
3101,3102,117,delivers a perfect performance that captures the innocence and budding demons within a wallflower,4
3103,3104,117,a perfect performance that captures the innocence and budding demons within a wallflower,4
3104,3105,117,a perfect performance,4
3105,3106,117,perfect performance,4
3106,3107,117,perfect,4
3122,3123,118,"300 years of Russian history and culture compressed into an evanescent , seamless and sumptuous stream of consciousness .",4
3137,3138,118,"an evanescent , seamless and sumptuous stream of consciousness",4
3152,3153,119,"The filmmakers want nothing else than to show us a good time , and",4
3182,3183,120,Mr. Polanski is in his element here :,4
3187,3188,120,is in his element,4
3225,3226,121,"`` Spider-man is better than any summer blockbuster we had to endure last summer , and hopefully , sets the tone for a summer of good stuff .",4
3226,3227,121,"Spider-man is better than any summer blockbuster we had to endure last summer , and hopefully , sets the tone for a summer of good stuff .",4
3228,3229,121,"is better than any summer blockbuster we had to endure last summer , and hopefully , sets the tone for a summer of good stuff .",4
3229,3230,121,"is better than any summer blockbuster we had to endure last summer , and hopefully , sets the tone for a summer of good stuff",4
3230,3231,121,is better than any summer blockbuster,4
3231,3232,121,better than any summer blockbuster,4
3248,3249,121,"hopefully , sets the tone for a summer of good stuff",4
3286,3287,124,prove more potent and riveting than the unlikely story of Sarah and Harrison,4
3290,3291,124,potent and riveting,4
3293,3294,124,riveting,4
3305,3306,125,"Winds up being both revelatory and narcissistic , achieving some honest insight into relationships that most high-concept films candy-coat with pat storylines , precious circumstances and beautiful stars",4
3322,3323,125,honest,4
3334,3335,125,"pat storylines , precious circumstances and beautiful stars",4
3344,3345,125,beautiful,4
3356,3357,126,"it 's still a sweet , even delectable diversion .",4
3358,3359,126,"'s still a sweet , even delectable diversion",4
3362,3363,126,"sweet , even delectable",4
3365,3366,126,delectable,4
3367,3368,127,"A thoughtful and surprisingly affecting portrait of a screwed-up man who dared to mess with some powerful people , seen through the eyes of the idealistic kid who chooses to champion his ultimately losing cause .",4
3368,3369,127,"A thoughtful and surprisingly affecting portrait of a screwed-up man who dared to mess with some powerful people , seen through the eyes of the idealistic kid who chooses to champion his ultimately losing cause",4
3373,3374,127,thoughtful and surprisingly affecting,4
3391,3392,127,powerful,4
3474,3475,129,brilliant,4
3492,3493,130,"A triumph , a film that hews out a world and carries us effortlessly from darkness to light .",4
3493,3494,130,"A triumph , a film that hews out a world and carries us effortlessly from darkness to light",4
3495,3496,130,A triumph,4
3497,3498,130,a film that hews out a world and carries us effortlessly from darkness to light,4
3529,3530,132,"A fascinating , dark thriller that keeps you",4
3629,3630,136,One of the year 's most weirdly engaging and unpredictable character pieces .,4
3642,3643,137,Intriguing and downright intoxicating .,4
3643,3644,137,Intriguing and downright intoxicating,4
3646,3647,137,downright intoxicating,4
3671,3672,138,fresh,4
3708,3709,140,Sleek and arty,4
3737,3738,142,'s face is -RRB- an amazing slapstick instrument,4
3743,3744,142,an amazing slapstick,4
3744,3745,142,amazing slapstick,4
3745,3746,142,amazing,4
3847,3848,147,"When cowering and begging at the feet a scruffy Giannini , Madonna gives her best performance since Abel Ferrara had her beaten to a pulp in his Dangerous Game .",4
3866,3867,147,gives her best performance since Abel Ferrara had her beaten to a pulp in his Dangerous Game,4
3993,3994,151,Spielberg 's realization of a near-future America is masterful .,4
